国民の祝日・休日月日,国民の祝日・休日名称
2020/1/1,元日
2020/1/13,成人の日
2020/2/11,建国記念の日
2020/2/23,天皇誕生日
2020/2/24,休日
2020/3/20,春分の日
2020/4/29,昭和の日
2020/5/3,憲法記念日
2020/5/4,みどりの日
2020/5/5,こどもの日
2020/5/6,休日
2020/7/23,海の日
2020/7/24,スポーツの日
2020/8/10,山の日
2020/9/21,敬老の日
2020/9/22,秋分の日
2020/11/3,文化の日
2020/11/23,勤労感謝の日
2021/1/1,元日
2021/1/11,成人の日
2021/2/11,建国記念の日
2021/2/23,天皇誕生日
2021/3/20,春分の日
2021/4/29,昭和の日
2021/5/3,憲法記念日
2021/5/4,みどりの日
2021/5/5,こどもの日
2021/7/22,海の日
2021/7/23,スポーツの日
2021/8/8,山の日
2021/8/9,休日
2021/9/20,敬老の日
2021/9/23,秋分の日
2021/11/3,文化の日
2021/11/23,勤労感謝の日
2022/1/1,元日
2022/1/10,成人の日
2022/2/11,建国記念の日
2022/2/23,天皇誕生日
2022/3/21,春分の日
2022/4/29,昭和の日
2022/5/3,憲法記念日
2022/5/4,みどりの日
2022/5/5,こどもの日
2022/7/18,海の日
2022/8/11,山の日
2022/9/19,敬老の日
2022/9/23,秋分の日
2022/10/10,スポーツの日
2022/11/3,文化の日
2022/11/23,勤労感謝の日